timeStamp,elapsed,label,responseCode,responseMessage,threadName,dataType,success,failureMessage,bytes,sentBytes,grpThreads,allThreads,URL,Latency,IdleTime,Connect
1665912715070,151,HTTP Request,200,OK,Thread Group 1-1,text,true,,1062,139,3,3,http://projectmdnazrulislam.uc.r.appspot.com/,151,0,14
1665912715125,146,HTTP Request,200,OK,Thread Group 1-2,text,true,,1058,139,3,3,http://projectmdnazrulislam.uc.r.appspot.com/,146,0,12
1665912715175,146,HTTP Request,200,OK,Thread Group 1-3,text,true,,1058,139,3,3,http://projectmdnazrulislam.uc.r.appspot.com/,146,0,12
1665912715227,147,HTTP Request,200,OK,Thread Group 1-4,text,true,,1058,139,3,3,http://projectmdnazrulislam.uc.r.appspot.com/,147,0,12
1665912715275,146,HTTP Request,200,OK,Thread Group 1-5,text,true,,1058,139,3,3,http://projectmdnazrulislam.uc.r.appspot.com/,146,0,14
1665912715325,151,HTTP Request,200,OK,Thread Group 1-6,text,true,,1058,139,3,3,http://projectmdnazrulislam.uc.r.appspot.com/,151,0,13
1665912715376,144,HTTP Request,200,OK,Thread Group 1-7,text,true,,1058,139,3,3,http://projectmdnazrulislam.uc.r.appspot.com/,144,0,14
1665912715427,143,HTTP Request,200,OK,Thread Group 1-8,text,true,,1058,139,3,3,http://projectmdnazrulislam.uc.r.appspot.com/,143,0,12
1665912715478,147,HTTP Request,200,OK,Thread Group 1-9,text,true,,1058,139,3,3,http://projectmdnazrulislam.uc.r.appspot.com/,147,0,13
1665912715529,151,HTTP Request,200,OK,Thread Group 1-10,text,true,,1058,139,4,4,http://projectmdnazrulislam.uc.r.appspot.com/,151,0,14
1665912715577,143,HTTP Request,200,OK,Thread Group 1-11,text,true,,1058,139,3,3,http://projectmdnazrulislam.uc.r.appspot.com/,143,0,14
1665912715627,148,HTTP Request,200,OK,Thread Group 1-12,text,true,,1058,139,3,3,http://projectmdnazrulislam.uc.r.appspot.com/,148,0,14
1665912715678,145,HTTP Request,200,OK,Thread Group 1-13,text,true,,1058,139,3,3,http://projectmdnazrulislam.uc.r.appspot.com/,145,0,13
1665912715729,145,HTTP Request,200,OK,Thread Group 1-14,text,true,,1058,139,4,4,http://projectmdnazrulislam.uc.r.appspot.com/,145,0,14
1665912715778,148,HTTP Request,200,OK,Thread Group 1-15,text,true,,1058,139,4,4,http://projectmdnazrulislam.uc.r.appspot.com/,148,0,15
1665912715828,158,HTTP Request,200,OK,Thread Group 1-16,text,true,,1058,139,4,4,http://projectmdnazrulislam.uc.r.appspot.com/,158,0,22
1665912715873,151,HTTP Request,200,OK,Thread Group 1-17,text,true,,1058,139,3,3,http://projectmdnazrulislam.uc.r.appspot.com/,151,0,14
1665912715926,163,HTTP Request,200,OK,Thread Group 1-18,text,true,,1058,139,4,4,http://projectmdnazrulislam.uc.r.appspot.com/,163,0,13
1665912715974,153,HTTP Request,200,OK,Thread Group 1-19,text,true,,1058,139,4,4,http://projectmdnazrulislam.uc.r.appspot.com/,153,0,14
1665912716026,145,HTTP Request,200,OK,Thread Group 1-20,text,true,,1058,139,3,3,http://projectmdnazrulislam.uc.r.appspot.com/,145,0,12
1665912716075,152,HTTP Request,200,OK,Thread Group 1-21,text,true,,1058,139,4,4,http://projectmdnazrulislam.uc.r.appspot.com/,152,0,14
1665912716126,152,HTTP Request,200,OK,Thread Group 1-22,text,true,,1058,139,4,4,http://projectmdnazrulislam.uc.r.appspot.com/,152,0,18
1665912716173,151,HTTP Request,200,OK,Thread Group 1-23,text,true,,1058,139,3,3,http://projectmdnazrulislam.uc.r.appspot.com/,151,0,16
1665912716223,165,HTTP Request,200,OK,Thread Group 1-24,text,true,,1058,139,4,4,http://projectmdnazrulislam.uc.r.appspot.com/,164,0,26
1665912716276,146,HTTP Request,200,OK,Thread Group 1-25,text,true,,1058,139,3,3,http://projectmdnazrulislam.uc.r.appspot.com/,146,0,12
1665912716330,147,HTTP Request,200,OK,Thread Group 1-26,text,true,,1058,139,3,3,http://projectmdnazrulislam.uc.r.appspot.com/,147,0,13
1665912716381,146,HTTP Request,200,OK,Thread Group 1-27,text,true,,1058,139,3,3,http://projectmdnazrulislam.uc.r.appspot.com/,146,0,14
1665912716432,158,HTTP Request,200,OK,Thread Group 1-28,text,true,,1058,139,4,4,http://projectmdnazrulislam.uc.r.appspot.com/,158,0,23
1665912716483,146,HTTP Request,200,OK,Thread Group 1-29,text,true,,1058,139,3,3,http://projectmdnazrulislam.uc.r.appspot.com/,146,0,14
1665912716531,148,HTTP Request,200,OK,Thread Group 1-30,text,true,,1058,139,3,3,http://projectmdnazrulislam.uc.r.appspot.com/,147,0,15
1665912716581,145,HTTP Request,200,OK,Thread Group 1-31,text,true,,1058,139,3,3,http://projectmdnazrulislam.uc.r.appspot.com/,145,0,14
1665912716632,146,HTTP Request,200,OK,Thread Group 1-32,text,true,,1058,139,3,3,http://projectmdnazrulislam.uc.r.appspot.com/,146,0,13
1665912716682,147,HTTP Request,200,OK,Thread Group 1-33,text,true,,1058,139,4,4,http://projectmdnazrulislam.uc.r.appspot.com/,147,0,14
1665912716732,147,HTTP Request,200,OK,Thread Group 1-34,text,true,,1058,139,3,3,http://projectmdnazrulislam.uc.r.appspot.com/,147,0,13
1665912716782,145,HTTP Request,200,OK,Thread Group 1-35,text,true,,1058,139,3,3,http://projectmdnazrulislam.uc.r.appspot.com/,145,0,13
1665912716825,147,HTTP Request,200,OK,Thread Group 1-36,text,true,,1058,139,3,3,http://projectmdnazrulislam.uc.r.appspot.com/,147,0,16
1665912716881,144,HTTP Request,200,OK,Thread Group 1-37,text,true,,1058,139,3,3,http://projectmdnazrulislam.uc.r.appspot.com/,144,0,13
1665912716931,148,HTTP Request,200,OK,Thread Group 1-38,text,true,,1058,139,3,3,http://projectmdnazrulislam.uc.r.appspot.com/,148,0,15
1665912716981,143,HTTP Request,200,OK,Thread Group 1-39,text,true,,1058,139,3,3,http://projectmdnazrulislam.uc.r.appspot.com/,143,0,13
1665912717030,145,HTTP Request,200,OK,Thread Group 1-40,text,true,,1058,139,3,3,http://projectmdnazrulislam.uc.r.appspot.com/,145,0,14
1665912717081,146,HTTP Request,200,OK,Thread Group 1-41,text,true,,1058,139,3,3,http://projectmdnazrulislam.uc.r.appspot.com/,146,0,15
1665912717131,145,HTTP Request,200,OK,Thread Group 1-42,text,true,,1058,139,3,3,http://projectmdnazrulislam.uc.r.appspot.com/,145,0,13
1665912717182,149,HTTP Request,200,OK,Thread Group 1-43,text,true,,1058,139,4,4,http://projectmdnazrulislam.uc.r.appspot.com/,149,0,14
1665912717231,147,HTTP Request,200,OK,Thread Group 1-44,text,true,,1058,139,3,3,http://projectmdnazrulislam.uc.r.appspot.com/,147,0,14
1665912717281,148,HTTP Request,200,OK,Thread Group 1-45,text,true,,1058,139,3,3,http://projectmdnazrulislam.uc.r.appspot.com/,148,0,13
1665912717331,146,HTTP Request,200,OK,Thread Group 1-46,text,true,,1058,139,3,3,http://projectmdnazrulislam.uc.r.appspot.com/,146,0,14
1665912717381,142,HTTP Request,200,OK,Thread Group 1-47,text,true,,1058,139,3,3,http://projectmdnazrulislam.uc.r.appspot.com/,142,0,12
1665912717432,144,HTTP Request,200,OK,Thread Group 1-48,text,true,,1058,139,3,3,http://projectmdnazrulislam.uc.r.appspot.com/,144,0,13
1665912717482,150,HTTP Request,200,OK,Thread Group 1-49,text,true,,1058,139,4,4,http://projectmdnazrulislam.uc.r.appspot.com/,150,0,12
1665912717532,148,HTTP Request,200,OK,Thread Group 1-50,text,true,,1058,139,3,3,http://projectmdnazrulislam.uc.r.appspot.com/,148,0,14
1665912717581,145,HTTP Request,200,OK,Thread Group 1-51,text,true,,1058,139,3,3,http://projectmdnazrulislam.uc.r.appspot.com/,145,0,14
1665912717631,147,HTTP Request,200,OK,Thread Group 1-52,text,true,,1058,139,3,3,http://projectmdnazrulislam.uc.r.appspot.com/,147,0,13
1665912717683,147,HTTP Request,200,OK,Thread Group 1-53,text,true,,1058,139,4,4,http://projectmdnazrulislam.uc.r.appspot.com/,147,0,13
1665912717731,149,HTTP Request,200,OK,Thread Group 1-54,text,true,,1058,139,3,3,http://projectmdnazrulislam.uc.r.appspot.com/,149,0,14
1665912717781,148,HTTP Request,200,OK,Thread Group 1-55,text,true,,1058,139,4,4,http://projectmdnazrulislam.uc.r.appspot.com/,148,0,15
1665912717831,144,HTTP Request,200,OK,Thread Group 1-56,text,true,,1058,139,3,3,http://projectmdnazrulislam.uc.r.appspot.com/,144,0,13
1665912717881,152,HTTP Request,200,OK,Thread Group 1-57,text,true,,1058,139,4,4,http://projectmdnazrulislam.uc.r.appspot.com/,152,0,14
1665912717930,145,HTTP Request,200,OK,Thread Group 1-58,text,true,,1058,139,3,3,http://projectmdnazrulislam.uc.r.appspot.com/,145,0,14
1665912717980,145,HTTP Request,200,OK,Thread Group 1-59,text,true,,1058,139,3,3,http://projectmdnazrulislam.uc.r.appspot.com/,145,0,13
1665912718032,147,HTTP Request,200,OK,Thread Group 1-60,text,true,,1058,139,4,4,http://projectmdnazrulislam.uc.r.appspot.com/,147,0,14
1665912718081,145,HTTP Request,200,OK,Thread Group 1-61,text,true,,1058,139,3,3,http://projectmdnazrulislam.uc.r.appspot.com/,145,0,15
1665912718130,146,HTTP Request,200,OK,Thread Group 1-62,text,true,,1058,139,3,3,http://projectmdnazrulislam.uc.r.appspot.com/,145,0,14
1665912718180,147,HTTP Request,200,OK,Thread Group 1-63,text,true,,1058,139,3,3,http://projectmdnazrulislam.uc.r.appspot.com/,147,0,14
1665912718230,147,HTTP Request,200,OK,Thread Group 1-64,text,true,,1058,139,3,3,http://projectmdnazrulislam.uc.r.appspot.com/,147,0,15
1665912718280,151,HTTP Request,200,OK,Thread Group 1-65,text,true,,1058,139,4,4,http://projectmdnazrulislam.uc.r.appspot.com/,151,0,14
1665912718330,145,HTTP Request,200,OK,Thread Group 1-66,text,true,,1058,139,4,4,http://projectmdnazrulislam.uc.r.appspot.com/,145,0,13
1665912718380,146,HTTP Request,200,OK,Thread Group 1-67,text,true,,1058,139,4,4,http://projectmdnazrulislam.uc.r.appspot.com/,146,0,14
1665912718429,144,HTTP Request,200,OK,Thread Group 1-68,text,true,,1058,139,4,4,http://projectmdnazrulislam.uc.r.appspot.com/,144,0,14
1665912718471,144,HTTP Request,200,OK,Thread Group 1-69,text,true,,1058,139,3,3,http://projectmdnazrulislam.uc.r.appspot.com/,144,0,14
1665912718522,146,HTTP Request,200,OK,Thread Group 1-70,text,true,,1058,139,3,3,http://projectmdnazrulislam.uc.r.appspot.com/,146,0,15
1665912718573,144,HTTP Request,200,OK,Thread Group 1-71,text,true,,1058,139,3,3,http://projectmdnazrulislam.uc.r.appspot.com/,144,0,13
1665912718626,148,HTTP Request,200,OK,Thread Group 1-72,text,true,,1058,139,3,3,http://projectmdnazrulislam.uc.r.appspot.com/,148,0,13
1665912718677,146,HTTP Request,200,OK,Thread Group 1-73,text,true,,1058,139,3,3,http://projectmdnazrulislam.uc.r.appspot.com/,146,0,14
1665912718728,145,HTTP Request,200,OK,Thread Group 1-74,text,true,,1058,139,3,3,http://projectmdnazrulislam.uc.r.appspot.com/,145,0,12
1665912718778,143,HTTP Request,200,OK,Thread Group 1-75,text,true,,1058,139,3,3,http://projectmdnazrulislam.uc.r.appspot.com/,143,0,12
1665912718828,145,HTTP Request,200,OK,Thread Group 1-76,text,true,,1058,139,3,3,http://projectmdnazrulislam.uc.r.appspot.com/,145,0,13
1665912718877,147,HTTP Request,200,OK,Thread Group 1-77,text,true,,1058,139,3,3,http://projectmdnazrulislam.uc.r.appspot.com/,147,0,17
1665912718928,143,HTTP Request,200,OK,Thread Group 1-78,text,true,,1058,139,3,3,http://projectmdnazrulislam.uc.r.appspot.com/,143,0,13
1665912718979,143,HTTP Request,200,OK,Thread Group 1-79,text,true,,1058,139,3,3,http://projectmdnazrulislam.uc.r.appspot.com/,143,0,12
1665912719028,145,HTTP Request,200,OK,Thread Group 1-80,text,true,,1058,139,3,3,http://projectmdnazrulislam.uc.r.appspot.com/,145,0,13
1665912719078,145,HTTP Request,200,OK,Thread Group 1-81,text,true,,1058,139,3,3,http://projectmdnazrulislam.uc.r.appspot.com/,145,0,15
1665912719126,148,HTTP Request,200,OK,Thread Group 1-82,text,true,,1058,139,3,3,http://projectmdnazrulislam.uc.r.appspot.com/,148,0,14
1665912719177,152,HTTP Request,200,OK,Thread Group 1-83,text,true,,1058,139,4,4,http://projectmdnazrulislam.uc.r.appspot.com/,152,0,12
1665912719228,147,HTTP Request,200,OK,Thread Group 1-84,text,true,,1058,139,3,3,http://projectmdnazrulislam.uc.r.appspot.com/,147,0,12
1665912719278,150,HTTP Request,200,OK,Thread Group 1-85,text,true,,1058,139,4,4,http://projectmdnazrulislam.uc.r.appspot.com/,150,0,14
1665912719329,145,HTTP Request,200,OK,Thread Group 1-86,text,true,,1058,139,3,3,http://projectmdnazrulislam.uc.r.appspot.com/,145,0,13
1665912719379,142,HTTP Request,200,OK,Thread Group 1-87,text,true,,1058,139,3,3,http://projectmdnazrulislam.uc.r.appspot.com/,142,0,13
1665912719427,148,HTTP Request,200,OK,Thread Group 1-88,text,true,,1058,139,3,3,http://projectmdnazrulislam.uc.r.appspot.com/,148,0,16
1665912719478,146,HTTP Request,200,OK,Thread Group 1-89,text,true,,1058,139,3,3,http://projectmdnazrulislam.uc.r.appspot.com/,146,0,15
1665912719528,149,HTTP Request,200,OK,Thread Group 1-90,text,true,,1058,139,3,3,http://projectmdnazrulislam.uc.r.appspot.com/,149,0,14
1665912719577,148,HTTP Request,200,OK,Thread Group 1-91,text,true,,1058,139,3,3,http://projectmdnazrulislam.uc.r.appspot.com/,148,0,14
1665912719629,155,HTTP Request,200,OK,Thread Group 1-92,text,true,,1058,139,4,4,http://projectmdnazrulislam.uc.r.appspot.com/,155,0,14
1665912719678,148,HTTP Request,200,OK,Thread Group 1-93,text,true,,1058,139,3,3,http://projectmdnazrulislam.uc.r.appspot.com/,148,0,15
1665912719727,151,HTTP Request,200,OK,Thread Group 1-94,text,true,,1058,139,4,4,http://projectmdnazrulislam.uc.r.appspot.com/,151,0,14
1665912719777,145,HTTP Request,200,OK,Thread Group 1-95,text,true,,1058,139,3,3,http://projectmdnazrulislam.uc.r.appspot.com/,145,0,14
1665912719829,143,HTTP Request,200,OK,Thread Group 1-96,text,true,,1058,139,3,3,http://projectmdnazrulislam.uc.r.appspot.com/,143,0,12
1665912719878,148,HTTP Request,200,OK,Thread Group 1-97,text,true,,1058,139,4,4,http://projectmdnazrulislam.uc.r.appspot.com/,148,0,14
1665912719927,144,HTTP Request,200,OK,Thread Group 1-98,text,true,,1058,139,3,3,http://projectmdnazrulislam.uc.r.appspot.com/,144,0,12
1665912719975,147,HTTP Request,200,OK,Thread Group 1-99,text,true,,1058,139,2,2,http://projectmdnazrulislam.uc.r.appspot.com/,147,0,14
1665912720025,143,HTTP Request,200,OK,Thread Group 1-100,text,true,,1058,139,1,1,http://projectmdnazrulislam.uc.r.appspot.com/,143,0,13
